h3_cell,h3_center_lat,h3_center_lon
8838292401fffff,36.144344,3.613712
8838292403fffff,36.142869,3.623747
8838292407fffff,36.136264,3.616915
883829240bfffff,36.15095,3.620544
8838292415fffff,36.141394,3.633782
883829241dfffff,36.149475,3.630579
8838292423fffff,36.121577,3.613288
8838292431fffff,36.126707,3.630151
8838292435fffff,36.120101,3.62332
8838292437fffff,36.118625,3.633353
8838292439fffff,36.134789,3.626949
883829243dfffff,36.128183,3.620118
8838292451fffff,36.165636,3.624173
8838292453fffff,36.164161,3.634211
8838292459fffff,36.173715,3.620969
883829245bfffff,36.172241,3.631008
88382924a5fffff,36.106105,3.666654
88382924adfffff,36.11419,3.663454
88382924b5fffff,36.109746,3.693561
88382924b7fffff,36.108263,3.703597
88382924d9fffff,36.163379,3.691249
8838292599fffff,36.099501,3.659819
88382925c9fffff,36.113496,3.616491
88382925cbfffff,36.11202,3.626522
88382925d1fffff,36.109064,3.646587
88382925d3fffff,36.107585,3.65662
88382925d7fffff,36.10098,3.649787
88382925dbfffff,36.115669,3.65342
8838292605fffff,36.194282,3.584445
8838292621fffff,36.179599,3.580822
8838292629fffff,36.187675,3.577615
883829262bfffff,36.186206,3.587652
883829262dfffff,36.181068,3.570786
8838292663fffff,36.195751,3.574408
8838292667fffff,36.189143,3.567579
88382926adfffff,36.170767,3.641046
88382926b1fffff,36.172942,3.678007
88382926b3fffff,36.171463,3.688049
88382926b7fffff,36.164859,3.681207
88382926bbfffff,36.179546,3.684849
88382926e5fffff,36.180321,3.627804
88382926e7fffff,36.178847,3.637843
883829a031fffff,36.495809,3.284114
883829a033fffff,36.494382,3.294163
883829a037fffff,36.487766,3.287349
883829a03bfffff,36.502425,3.290928
883829a0e5fffff,36.492954,3.304212
883829a0edfffff,36.500998,3.300978
883829a1d9fffff,36.486338,3.297397
883829a4a5fffff,36.501578,3.50934
883829a4a7fffff,36.500131,3.519405
883829a591fffff,36.486911,3.505719
883829a593fffff,36.485464,3.515783
883829a599fffff,36.494968,3.502497
883829a59bfffff,36.493521,3.512561
883829a5adfffff,36.46336,3.458246
883829a5e5fffff,36.472857,3.444964
883829a5e7fffff,36.471415,3.455022
883829a687fffff,36.577791,3.507315
883829a68bfffff,36.592454,3.510939
883829a693fffff,36.588123,3.541168
883829a699fffff,36.597621,3.527868
883829a69bfffff,36.596177,3.537945
883829a69dfffff,36.591011,3.521015
883829a6a3fffff,36.563128,3.503691
883829a6abfffff,36.571181,3.500466
883829a6b1fffff,36.568294,3.520612
883829a6b5fffff,36.561684,3.513763
883829a6b9fffff,36.576348,3.517389
883829a6bdfffff,36.569738,3.510539
883829a6c3fffff,36.601947,3.497638
883829a6cbfffff,36.609998,3.494412
883829a6d1fffff,36.607116,3.514565
883829a6d3fffff,36.605674,3.524643
883829a6d5fffff,36.600506,3.507714
883829a6d7fffff,36.599064,3.517791
883829a6d9fffff,36.615168,3.51134
883829a6ddfffff,36.608557,3.504488
883829aed1fffff,36.458191,3.441356
883829aed3fffff,36.456748,3.451412
883829aed9fffff,36.466246,3.438132
883829aedbfffff,36.464803,3.448188
883874002dfffff,36.349259,4.234331
8838740049fffff,36.394865,4.235491
8838740061fffff,36.365474,4.227983
8838740063fffff,36.363955,4.238084
8838740065fffff,36.358886,4.221057
8838740067fffff,36.357367,4.231157
8838740069fffff,36.373581,4.224808
883874006bfffff,36.372063,4.234911
883874006dfffff,36.366992,4.217882
8838740151fffff,36.344189,4.217307
8838740153fffff,36.34267,4.227405
8838740159fffff,36.352297,4.214132
883874015bfffff,36.350778,4.224231
8838740221fffff,36.404487,4.22221
8838740223fffff,36.402971,4.232315
8838740227fffff,36.396382,4.225386
883874022bfffff,36.411076,4.22914
8838740235fffff,36.401453,4.242421
883874023dfffff,36.409559,4.239246
8838740261fffff,36.42221,4.205751
8838740265fffff,36.415621,4.198824
8838740267fffff,36.414107,4.208929
883874026dfffff,36.423723,4.195646
8838740305fffff,36.373054,4.177484
8838740315fffff,36.376615,4.204606
8838740317fffff,36.375098,4.214707
8838740321fffff,36.35836,4.173741
8838740329fffff,36.366464,4.170564
883874032bfffff,36.36495,4.180661
883874032dfffff,36.359873,4.163645
8838740331fffff,36.36192,4.200858
8838740333fffff,36.360403,4.210957
8838740339fffff,36.370025,4.197682
883874033bfffff,36.368509,4.207782
8838740359fffff,36.409031,4.191898
883874035bfffff,36.407517,4.202001
8838740363fffff,36.374567,4.167385
8838740367fffff,36.367976,4.160467
8838740405fffff,36.387135,4.438323
8838740421fffff,36.372433,4.434531
8838740429fffff,36.380552,4.431369
883874042bfffff,36.379016,4.441485
883874042dfffff,36.37397,4.424415
8838740433fffff,36.3744,4.471839
8838740437fffff,36.367819,4.464881
8838740463fffff,36.388671,4.428206
8838740467fffff,36.382088,4.421252
88387404e5fffff,36.372859,4.481958
8838740531fffff,36.329863,4.413051
8838740533fffff,36.328326,4.423161
8838740535fffff,36.32328,4.406104
8838740537fffff,36.321743,4.416213
8838740539fffff,36.337983,4.409889
883874053bfffff,36.336446,4.42
883874053dfffff,36.3314,4.402941
88387405b1fffff,36.319081,4.483833
88387405b3fffff,36.317536,4.493946
88387405b5fffff,36.3125,4.476877
88387405b7fffff,36.310956,4.48699
88387405d1fffff,36.358156,4.478158
88387405d9fffff,36.366278,4.474999
88387405dbfffff,36.364737,4.485117
88387405ddfffff,36.359697,4.468041
8838740605fffff,36.443952,4.416176
8838740607fffff,36.44242,4.426299
8838740621fffff,36.429254,4.412385
8838740623fffff,36.427721,4.422506
8838740625fffff,36.422671,4.40543
8838740629fffff,36.437369,4.40922
883874062bfffff,36.435837,4.419341
883874063dfffff,36.434304,4.429463
88387406c9fffff,36.46568,4.474399
88387406cbfffff,36.464143,4.484528
88387406d1fffff,36.461067,4.504787
88387406d3fffff,36.459528,4.514918
88387406d9fffff,36.469186,4.501626
88387406dbfffff,36.467648,4.511757
8838740711fffff,36.407972,4.401643
8838740719fffff,36.416087,4.398477
883874071bfffff,36.414555,4.408596
883874071dfffff,36.409504,4.391525
8838740753fffff,36.424202,4.395311
8838740757fffff,36.417618,4.388359
8838740909fffff,36.181986,4.128932
883874090dfffff,36.175394,4.122032
8838740941fffff,36.191613,4.115683
8838740943fffff,36.190095,4.125757
8838740945fffff,36.185021,4.108784
8838740947fffff,36.183504,4.118857
883874096bfffff,36.176912,4.111959
8838740a45fffff,36.28791,4.134874
8838740a4dfffff,36.296015,4.131697
8838740a69fffff,36.281318,4.127966
8838741113fffff,36.448977,4.128658
8838741121fffff,36.425614,4.080792
8838741123fffff,36.424111,4.09089
8838741125fffff,36.419021,4.07388
8838741127fffff,36.417518,4.083977
8838741135fffff,36.422608,4.100988
88387411b3fffff,36.417133,4.188719
88387411c1fffff,36.454062,4.145684
88387411c5fffff,36.447471,4.138762
88387411c7fffff,36.445964,4.148866
88387411cdfffff,36.455568,4.135579
88387411e9fffff,36.440879,4.131841
88387411ebfffff,36.439373,4.141944
8838741841fffff,36.361765,4.0489
8838741843fffff,36.360262,4.058989
8838741849fffff,36.369861,4.045715
883874184bfffff,36.368359,4.055804
883874185dfffff,36.366855,4.065894
883874194bfffff,36.322197,4.007505
8838741959fffff,36.327291,4.024483
883874195dfffff,36.320696,4.017586
8838741991fffff,36.290935,4.114702
8838741993fffff,36.289423,4.124788
8838741997fffff,36.282831,4.117881
883874199bfffff,36.297527,4.12161
8838741a05fffff,36.394146,4.036156
8838741a1bfffff,36.410925,4.077066
8838741a21fffff,36.379457,4.03244
8838741a25fffff,36.372862,4.025538
8838741a29fffff,36.387551,4.029253
8838741a2bfffff,36.386051,4.039343
8838741a2dfffff,36.380956,4.022351
8838741a35fffff,36.376455,4.052619
8838741a37fffff,36.374952,4.06271
8838741a61fffff,36.397143,4.015975
8838741a63fffff,36.395645,4.026066
8838741a65fffff,36.390548,4.009074
8838741a67fffff,36.38905,4.019163
8838741a69fffff,36.405235,4.012787
8838741a6bfffff,36.403738,4.022878
8838741a6dfffff,36.39864,4.005886
8838741a81fffff,36.390216,4.11372
8838741a83fffff,36.388709,4.123817
8838741a85fffff,36.383624,4.106807
8838741a87fffff,36.382117,4.116902
8838741a89fffff,36.398315,4.110538
8838741a8dfffff,36.391723,4.103625
8838741a91fffff,36.393792,4.14083
8838741a93fffff,36.392283,4.150929
8838741a95fffff,36.387201,4.133913
8838741a97fffff,36.385691,4.144011
8838741a99fffff,36.401892,4.13765
8838741a9bfffff,36.400383,4.147749
8838741a9dfffff,36.395301,4.130732
8838741aa9fffff,36.377032,4.099895
8838741aabfffff,36.375525,4.109989
8838741ab1fffff,36.372508,4.130178
8838741ab9fffff,36.380609,4.126998
8838741abbfffff,36.3791,4.137094
8838741abdfffff,36.374017,4.120084
8838741ac1fffff,36.407918,4.097258
8838741ac3fffff,36.406413,4.107355
8838741ac7fffff,36.399821,4.100442
8838741ac9fffff,36.416015,4.094074
8838741acbfffff,36.414511,4.104172
8838741acdfffff,36.409422,4.087162
8838741ad5fffff,36.404907,4.117453
8838741addfffff,36.413006,4.11427
8838741ae3fffff,36.38513,4.096712
8838741b31fffff,36.336887,4.011214
8838741b33fffff,36.335387,4.021298
8838741b35fffff,36.330292,4.004318
8838741b37fffff,36.328792,4.014401
8838741b53fffff,36.374361,4.01545
8838741b5bfffff,36.382455,4.012262
8838743037fffff,36.392199,4.655428
8838743053fffff,36.437873,4.656799
883874305bfffff,36.446002,4.653648
88387431c3fffff,36.377492,4.651594
88387431cbfffff,36.385624,4.648445
88387431d1fffff,36.382511,4.668709
88387431d5fffff,36.375935,4.661725
88387431d9fffff,36.390643,4.665561
88387431ddfffff,36.384068,4.658577
8838743261fffff,36.471551,4.586515
8838743263fffff,36.470005,4.596652
8838743265fffff,36.464973,4.579534
8838743267fffff,36.463427,4.58967
8838743269fffff,36.479674,4.583358
883874326bfffff,36.478129,4.593496
883874326dfffff,36.473096,4.576378
88387432a1fffff,36.442893,4.673927
88387432a5fffff,36.436318,4.666937
88387432a9fffff,36.451023,4.670777
88387432adfffff,36.444448,4.663787
88387432e7fffff,36.452577,4.660637
8838743645fffff,36.510526,4.781359
883874364dfffff,36.518659,4.778213
8838743669fffff,36.503954,4.774351
8838743a61fffff,36.322571,4.51102
8838743a63fffff,36.321025,4.521136
8838743a65fffff,36.315991,4.504061
8838743a67fffff,36.314445,4.514175
8838743a69fffff,36.330697,4.507864
8838743a6bfffff,36.329151,4.517981
8838743a6dfffff,36.324117,4.500905
8838743b4bfffff,36.304375,4.480034
8838743b59fffff,36.309411,4.497103
8838743b5dfffff,36.30283,4.490146
8838744103fffff,35.998296,3.879205
8838744107fffff,35.991698,3.872351
8838744115fffff,35.996791,3.889242
8838744131fffff,35.982089,3.885569
8838744139fffff,35.990193,3.882387
883874413bfffff,35.988687,3.892424
883874413dfffff,35.983595,3.875533
8838744149fffff,36.025607,3.849577
88387441c1fffff,36.006971,3.923038
88387441c3fffff,36.005462,3.93308
88387441c5fffff,36.000374,3.916178
88387441c7fffff,35.998866,3.926218
88387441c9fffff,36.015076,3.919857
88387441cbfffff,36.013568,3.9299
88387441cdfffff,36.008479,3.912997
8838744241fffff,36.12039,3.878466
8838744243fffff,36.11889,3.888517
8838744249fffff,36.128487,3.875279
883874424bfffff,36.126988,3.885331
883874425dfffff,36.125488,3.895382
8838744321fffff,36.035206,3.836352
8838744323fffff,36.033706,3.846391
8838744327fffff,36.027107,3.839539
883874432bfffff,36.041805,3.843205
8838744335fffff,36.032205,3.85643
883874433dfffff,36.040305,3.853245
8838744849fffff,35.922702,3.823936
8838744a21fffff,35.932307,3.810727
8838744a23fffff,35.930805,3.820753
8838744a27fffff,35.924205,3.813911
8838744a2bfffff,35.938907,3.817569
8838744a35fffff,35.929301,3.830779
8838744a3dfffff,35.937404,3.827596
8838745003fffff,36.168334,3.812264
883874500bfffff,36.176425,3.809071
8838745011fffff,36.173443,3.829176
8838745015fffff,36.166843,3.822315
8838745019fffff,36.181535,3.825984
883874501dfffff,36.174934,3.819123
8838745045fffff,36.18089,3.778919
883874504dfffff,36.188978,3.775724
8838745057fffff,36.183025,3.815931
8838745069fffff,36.174288,3.772065
8838745081fffff,36.159373,3.87258
8838745089fffff,36.167468,3.869391
883874508bfffff,36.165972,3.879446
883874508dfffff,36.160869,3.862526
88387450b5fffff,36.135085,3.882144
88387450b7fffff,36.133586,3.892196
88387450c3fffff,36.175562,3.866201
88387450c7fffff,36.168963,3.859336
88387450d1fffff,36.180665,3.883125
88387450d5fffff,36.174067,3.876257
88387450d9fffff,36.18876,3.879936
88387450dbfffff,36.187264,3.889994
88387450ddfffff,36.182161,3.873068
8838745107fffff,36.115524,3.757441
8838745123fffff,36.100832,3.753788
883874512bfffff,36.108922,3.750594
8838745131fffff,36.105944,3.770676
8838745135fffff,36.099343,3.763828
8838745139fffff,36.114036,3.767482
883874513dfffff,36.107434,3.760634
883874514bfffff,36.14788,3.744661
8838745159fffff,36.152996,3.761555
883874515dfffff,36.146394,3.754705
8838745181fffff,36.113178,3.824554
8838745185fffff,36.106577,3.817699
8838745187fffff,36.105083,3.827744
8838745189fffff,36.121272,3.821364
883874518dfffff,36.114671,3.814509
88387451a9fffff,36.099977,3.810845
88387451abfffff,36.098483,3.820889
88387451c1fffff,36.130858,3.808127
88387451c3fffff,36.129365,3.818174
88387451c7fffff,36.122765,3.811318
88387451cbfffff,36.137458,3.814982
88387451d5fffff,36.127872,3.828221
88387451ddfffff,36.135965,3.825031
88387451e3fffff,36.108071,3.807655
8838745205fffff,36.219841,3.772992
883874520dfffff,36.227927,3.769795
8838745229fffff,36.213239,3.766135
8838745261fffff,36.222808,3.752885
8838745263fffff,36.221325,3.762938
8838745267fffff,36.214723,3.756083
883874526bfffff,36.22941,3.759741
8838745281fffff,36.216025,3.850248
8838745283fffff,36.214533,3.860307
8838745285fffff,36.209426,3.843382
8838745287fffff,36.207934,3.853439
883874528bfffff,36.222625,3.857115
8838745293fffff,36.218145,3.887298
8838745295fffff,36.21304,3.870366
8838745297fffff,36.211546,3.880427
883874529dfffff,36.221132,3.867176
88387452abfffff,36.201334,3.846573
88387452b3fffff,36.196854,3.876747
88387452b7fffff,36.190255,3.869879
88387452b9fffff,36.206441,3.863498
88387452bdfffff,36.199842,3.856631
88387452c9fffff,36.241785,3.830609
88387452cbfffff,36.240296,3.84067
88387452d9fffff,36.245406,3.8576
8838745311fffff,36.183862,3.75882
8838745313fffff,36.182376,3.768869
8838745317fffff,36.175774,3.762016
883874531bfffff,36.190464,3.765673
8838745321fffff,36.158935,3.721377
8838745323fffff,36.157452,3.731421
8838745325fffff,36.152332,3.714532
8838745327fffff,36.150849,3.724574
8838745329fffff,36.167021,3.718179
883874532bfffff,36.165538,3.728223
883874532dfffff,36.160418,3.711334
8838745331fffff,36.16257,3.748314
8838745333fffff,36.161085,3.75836
8838745335fffff,36.155968,3.741465
8838745337fffff,36.154483,3.75151
8838745365fffff,36.169983,3.698092
883874536dfffff,36.178067,3.694892
8838745423fffff,36.172249,3.990606
8838745425fffff,36.167159,3.973663
8838745427fffff,36.165653,3.983725
8838745435fffff,36.170742,4.00067
8838745445fffff,36.206155,3.967808
8838745449fffff,36.220849,3.971505
883874544bfffff,36.219346,3.981574
8838745461fffff,36.191459,3.964112
8838745469fffff,36.199558,3.960927
883874546bfffff,36.198055,3.970992
883874546dfffff,36.192962,3.954048
88387454c9fffff,36.210309,4.041993
8838745511fffff,36.152462,3.969967
8838745513fffff,36.150956,3.980027
8838745519fffff,36.160563,3.966784
883874551bfffff,36.159058,3.976845
88387455c1fffff,36.156044,3.996969
88387455c9fffff,36.164147,3.993788
88387455cbfffff,36.162639,4.003851
88387455cdfffff,36.157551,3.986907
8838745601fffff,36.251738,3.968833
8838745605fffff,36.245142,3.961949
8838745609fffff,36.259834,3.965647
883874560dfffff,36.253238,3.958762
8838745621fffff,36.230448,3.958252
8838745623fffff,36.228947,3.96832
8838745625fffff,36.223852,3.951371
8838745629fffff,36.238545,3.955066
883874562dfffff,36.231949,3.948185
8838745631fffff,36.234041,3.985274
8838745635fffff,36.227445,3.978389
8838745637fffff,36.225942,3.988458
883874563dfffff,36.235543,3.975204
8838745647fffff,36.261334,3.955575
8838745663fffff,36.246641,3.951879
8838745667fffff,36.240045,3.944998
883874566bfffff,36.254737,3.948692
8838745681fffff,36.24121,4.039343
8838745683fffff,36.239702,4.049418
8838745685fffff,36.234616,4.03245
8838745687fffff,36.233108,4.042524
8838745689fffff,36.249311,4.036161
883874568bfffff,36.247804,4.046237
883874568dfffff,36.242717,4.029268
88387456a1fffff,36.21992,4.028741
88387456a3fffff,36.218412,4.038813
88387456a7fffff,36.211818,4.031922
88387456abfffff,36.226514,4.035632
88387456b5fffff,36.216903,4.048885
88387456bdfffff,36.225006,4.045705
8838745713fffff,36.207657,3.957742
8838745717fffff,36.20106,3.950863
8838745745fffff,36.216649,3.89736
8838745749fffff,36.231341,3.901044
8838745753fffff,36.225352,3.941305
883874575bfffff,36.233448,3.938117
8838745761fffff,36.201957,3.893676
8838745765fffff,36.195359,3.886806
8838745769fffff,36.210051,3.890487
883874576bfffff,36.208555,3.900548
883874576dfffff,36.203453,3.883616
8838745803fffff,36.01927,3.738735
883874580bfffff,36.027363,3.735543
8838745811fffff,36.02438,3.755605
8838745815fffff,36.017778,3.748765
8838745819fffff,36.032474,3.752414
883874581dfffff,36.025872,3.745574
8838745857fffff,36.033965,3.742382
8838745859fffff,36.05015,3.735997
883874585bfffff,36.04866,3.74603
8838745881fffff,36.010304,3.798923
8838745889fffff,36.018402,3.795735
883874588bfffff,36.016905,3.805769
883874588dfffff,36.011801,3.78889
88387458c3fffff,36.026498,3.792546
88387458c7fffff,36.019898,3.785702
88387458d5fffff,36.025002,3.802581
8838745917fffff,35.97007,3.710947
8838745933fffff,35.955373,3.707309
883874593bfffff,35.963467,3.704117
88387459e1fffff,35.960484,3.724161
88387459e5fffff,35.953881,3.717329
88387459e9fffff,35.968578,3.72097
88387459edfffff,35.961976,3.714138
8838745a33fffff,36.058241,3.732803
8838745a41fffff,36.095056,3.68992
8838745a43fffff,36.093572,3.699955
8838745a49fffff,36.103142,3.686723
8838745a4bfffff,36.101659,3.696758
8838745a5dfffff,36.100175,3.706794
8838745ae1fffff,36.063354,3.749679
8838745ae5fffff,36.056752,3.742837
8838745ae7fffff,36.055262,3.752871
8838745aedfffff,36.064844,3.739644
883874a095fffff,36.677716,4.687856
883874a097fffff,36.67617,4.698022
883874a0b1fffff,36.663021,4.684004
883874a0b3fffff,36.661475,4.694169
883874a0b9fffff,36.671141,4.680847
883874a0bbfffff,36.669596,4.691013
883874a181fffff,36.634772,4.61851
883874a183fffff,36.633231,4.628667
883874a185fffff,36.628195,4.611513
883874a187fffff,36.626654,4.621669
883874a189fffff,36.642889,4.61535
883874a18bfffff,36.641349,4.625508
883874a18dfffff,36.636312,4.608353
883874a191fffff,36.638264,4.645825
883874a193fffff,36.636721,4.655984
883874a195fffff,36.631688,4.638825
883874a197fffff,36.630145,4.648983
883874a1a5fffff,36.606923,4.600685
883874a1b1fffff,36.616993,4.634984
883874a1b3fffff,36.615449,4.64514
883874a1b5fffff,36.610416,4.627987
883874a1b7fffff,36.608873,4.638142
883874a1b9fffff,36.625112,4.631826
883874a1bbfffff,36.623569,4.641983
883874a1bdfffff,36.618535,4.624828
883874a1d1fffff,36.656043,4.629348
883874a1d3fffff,36.654501,4.639508
883874a1d5fffff,36.649466,4.622348
883874a1d7fffff,36.647925,4.632507
883874a1d9fffff,36.66416,4.626188
883874a1dbfffff,36.662619,4.636349
883874a1ddfffff,36.657583,4.619188
883874a2a1fffff,36.716351,4.634553
883874a2a3fffff,36.714813,4.64472
883874a2a5fffff,36.709775,4.627548
883874a2a7fffff,36.708236,4.637714
883874a2a9fffff,36.724466,4.631391
883874a2abfffff,36.722928,4.641559
883874a2adfffff,36.717889,4.624386
883874a417fffff,36.711322,4.818367
883874a425fffff,36.688145,4.769918
883874a427fffff,36.686592,4.780091
883874a433fffff,36.696625,4.814489
883874a43bfffff,36.704751,4.811339
883874a4e1fffff,36.701639,4.831695
883874a4e5fffff,36.695069,4.824666
883874a4e9fffff,36.709766,4.828546
883874a4edfffff,36.703196,4.821517
883874a511fffff,36.673448,4.76605
883874a513fffff,36.671895,4.776221
883874a519fffff,36.681572,4.762898
883874a51bfffff,36.68002,4.77307
883874a549fffff,36.695892,4.71906
883874a54bfffff,36.694345,4.729231
883874a56dfffff,36.66805,4.701178
883874a5cdfffff,36.678467,4.783242
883874a693fffff,36.763878,4.87464
883874a697fffff,36.757309,4.867601
883874a723fffff,36.704013,4.715904
883874a731fffff,36.709039,4.733092
883874a735fffff,36.702466,4.726076
883874a737fffff,36.700918,4.736247
883874a73dfffff,36.710586,4.72292
883874a813fffff,36.54464,4.558091
883874a821fffff,36.521398,4.509896
883874a823fffff,36.519861,4.520033
883874a827fffff,36.513281,4.513058
883874a82bfffff,36.527978,4.516871
883874a835fffff,36.518323,4.530171
883874a83dfffff,36.526441,4.52701
883874a8c1fffff,36.549678,4.575218
883874a8c5fffff,36.5431,4.568234
883874a8c7fffff,36.541559,4.578378
883874a8cdfffff,36.551219,4.565074
883874a8e9fffff,36.536521,4.561251
883874a8ebfffff,36.53498,4.571393
883874a911fffff,36.50012,4.499111
883874a913fffff,36.498583,4.509246
883874a917fffff,36.492003,4.502274
883874a91bfffff,36.506701,4.506084
883874a923fffff,36.473797,4.471236
883874a931fffff,36.478842,4.488333
883874a935fffff,36.472261,4.481365
883874a937fffff,36.470724,4.491495
883874a93dfffff,36.480378,4.478202
883874a9adfffff,36.466108,4.521889
883874a9c5fffff,36.497046,4.519381
883874a9c9fffff,36.511744,4.523195
883874a9cdfffff,36.505164,4.51622
883874a9e5fffff,36.475767,4.508597
883874a9e7fffff,36.474228,4.518729
883874a9e9fffff,36.490466,4.512407
883874aa91fffff,36.592227,4.596852
883874aa99fffff,36.600345,4.593693
883874aa9bfffff,36.598805,4.603844
883874aa9dfffff,36.593767,4.586702
883874aad3fffff,36.608463,4.590532
883874aad7fffff,36.601885,4.583541
883874ac11fffff,36.570557,4.739013
883874ac13fffff,36.569001,4.749171
883874ac17fffff,36.562428,4.742163
883874ac1bfffff,36.577129,4.746021
883874ac89fffff,36.564329,4.779648
883874ac8dfffff,36.557757,4.772636
883874acc1fffff,36.574017,4.76634
883874acc3fffff,36.572459,4.776501
883874acc5fffff,36.567445,4.75933
883874acc7fffff,36.565887,4.769489
883874accdfffff,36.575574,4.756181
883874ace9fffff,36.560872,4.75232
883874acebfffff,36.559315,4.762478
883874ad03fffff,36.519517,4.672847
883874ad0bfffff,36.527643,4.669694
883874ad11fffff,36.52454,4.689993
883874ad15fffff,36.517965,4.682995
883874ad19fffff,36.532667,4.686841
883874ad1dfffff,36.526092,4.679843
883874ad57fffff,36.534218,4.676691
883874ad91fffff,36.513647,4.761052
883874ad93fffff,36.512087,4.771205
883874ad97fffff,36.505515,4.764198
883874ad9bfffff,36.520219,4.768059
883874ae09fffff,36.632084,4.686465
883874ae0dfffff,36.625509,4.67946
883874ae13fffff,36.625887,4.727114
883874ae17fffff,36.619314,4.720104
883874ae41fffff,36.641751,4.673148
883874ae43fffff,36.640205,4.68331
883874ae45fffff,36.635176,4.666144
883874ae47fffff,36.63363,4.676305
883874ae69fffff,36.628601,4.659142
883874ae6bfffff,36.627055,4.669301
883874ae6dfffff,36.622025,4.65214
883874aeb1fffff,36.59529,4.777218
883874aeb3fffff,36.593732,4.787381
883874aeb5fffff,36.588718,4.770204
883874aeb7fffff,36.587161,4.780366
883874aeb9fffff,36.603419,4.774069
883874aebbfffff,36.601862,4.784233
883874aebdfffff,36.596847,4.767055
883874aec5fffff,36.624336,4.737277
883874aee1fffff,36.609637,4.733418
883874aee9fffff,36.617762,4.730266
883874aeebfffff,36.61621,4.740429
883874aeedfffff,36.611189,4.723257
883874b48dfffff,36.831201,4.733474
883874b4c5fffff,36.840856,4.720128
883874b4c7fffff,36.839315,4.730314
883874b4e1fffff,36.826168,4.716263
883874b4e3fffff,36.824627,4.726448
883874b4e9fffff,36.834282,4.713103
883874b4ebfffff,36.832742,4.723288
883874c001fffff,36.442352,3.760691
883874c005fffff,36.435749,3.753819
883874c009fffff,36.450427,3.757485
883874c00dfffff,36.443824,3.750614
883874c011fffff,36.446007,3.787721
883874c013fffff,36.444532,3.7978
883874c015fffff,36.439405,3.780846
883874c017fffff,36.437931,3.790924
883874c019fffff,36.454083,3.784517
883874c01bfffff,36.452609,3.794597
883874c01dfffff,36.447481,3.777642
883874c025fffff,36.414468,3.743286
883874c029fffff,36.429146,3.74695
883874c02dfffff,36.422543,3.740081
883874c031fffff,36.424727,3.777176
883874c033fffff,36.423251,3.787252
883874c037fffff,36.41665,3.780379
883874c03bfffff,36.431329,3.784049
883874c045fffff,36.453368,3.737331
883874c047fffff,36.451898,3.747408
883874c053fffff,36.462159,3.781313
883874c057fffff,36.455557,3.774437
883874c05bfffff,36.470234,3.778108
883874c061fffff,36.438691,3.733669
883874c063fffff,36.437221,3.743744
883874c065fffff,36.432088,3.726801
883874c067fffff,36.430618,3.736875
883874c069fffff,36.446765,3.730462
883874c06bfffff,36.445295,3.740538
883874c06dfffff,36.440161,3.723595
883874c087fffff,36.423941,3.834443
883874c097fffff,36.427579,3.861488
883874c0a3fffff,36.40926,3.830764
883874c0a5fffff,36.404139,3.813809
883874c0a7fffff,36.40266,3.823886
883874c0abfffff,36.417341,3.827564
883874c0b1fffff,36.41438,3.847723
883874c0b3fffff,36.412897,3.857803
883874c0b5fffff,36.407779,3.840842
883874c0b7fffff,36.406298,3.850922
883874c0b9fffff,36.422461,3.844524
883874c0bbfffff,36.420979,3.854605
883874c0bdfffff,36.415861,3.837643
883874c0e1fffff,36.428377,3.804205
883874c0e5fffff,36.421775,3.797329
883874c0e7fffff,36.420298,3.807407
883874c0edfffff,36.429853,3.794127
883874c101fffff,36.396129,3.712621
883874c105fffff,36.389525,3.705759
883874c109fffff,36.404203,3.709414
883874c10dfffff,36.397599,3.702553
883874c111fffff,36.39979,3.739624
883874c119fffff,36.407865,3.736419
883874c11bfffff,36.406393,3.746491
883874c11dfffff,36.401262,3.729554
883874c147fffff,36.405672,3.699345
883874c153fffff,36.41594,3.733214
883874c157fffff,36.409337,3.726348
883874c15bfffff,36.424014,3.730008
883874c163fffff,36.390995,3.695692
883874c16bfffff,36.399068,3.692485
883874c185fffff,36.379211,3.776244
883874c187fffff,36.377734,3.786316
883874c191fffff,36.389458,3.810134
883874c193fffff,36.387978,3.820209
883874c199fffff,36.397538,3.806934
883874c19bfffff,36.396059,3.817009
883874c1a1fffff,36.36453,3.772578
883874c1a3fffff,36.363052,3.782647
883874c1a9fffff,36.372609,3.769376
883874c1abfffff,36.371132,3.779446
883874c1b3fffff,36.366695,3.80966
883874c1bdfffff,36.369654,3.789517
883874c1d9fffff,36.415174,3.790455
883874c1dbfffff,36.413697,3.800531
883874c22dfffff,36.479052,3.71763
883874c265fffff,36.488587,3.704343
883874c267fffff,36.487122,3.714421
883874c2a5fffff,36.460685,3.791394
883874c2a9fffff,36.475363,3.795068
883874c2adfffff,36.468761,3.78819
883874c2e1fffff,36.484911,3.78178
883874c2e3fffff,36.483438,3.791863
883874c2e5fffff,36.478308,3.774903
883874c2e7fffff,36.476836,3.784985
883874c305fffff,36.44603,3.683302
883874c307fffff,36.444564,3.693375
883874c315fffff,36.449701,3.710313
883874c317fffff,36.448234,3.720387
883874c321fffff,36.431354,3.679651
883874c323fffff,36.429888,3.689721
883874c329fffff,36.439425,3.676441
883874c32bfffff,36.437959,3.686512
883874c331fffff,36.435026,3.706656
883874c333fffff,36.433557,3.716728
883874c339fffff,36.443097,3.703447
883874c33bfffff,36.44163,3.713521
883874c33dfffff,36.436493,3.696584
883874c351fffff,36.473913,3.700686
883874c353fffff,36.472448,3.710762
883874c359fffff,36.481983,3.697476
883874c35bfffff,36.480518,3.707553
883874c365fffff,36.442352,3.656301
883874c503fffff,36.420156,3.911907
883874c50bfffff,36.428241,3.908712
883874c511fffff,36.425266,3.928885
883874c515fffff,36.418668,3.921993
883874c519fffff,36.433352,3.92569
883874c51dfffff,36.426754,3.918798
883874c541fffff,36.439295,3.885344
883874c543fffff,36.437811,3.89543
883874c545fffff,36.432696,3.878457
883874c547fffff,36.431212,3.888541
883874c549fffff,36.447377,3.882146
883874c54bfffff,36.445894,3.892233
883874c54dfffff,36.440778,3.875259
883874c557fffff,36.434839,3.915603
883874c561fffff,36.418014,3.874769
883874c565fffff,36.411414,3.867884
883874c569fffff,36.426097,3.871571
883874c56dfffff,36.419497,3.864686
883874c581fffff,36.411216,3.972429
883874c585fffff,36.404619,3.965532
883874c589fffff,36.419305,3.969237
883874c58dfffff,36.412708,3.96234
883874c5c7fffff,36.420797,3.959148
883874c5e3fffff,36.406111,3.955445
883874c5ebfffff,36.4142,3.952253
883874c813fffff,36.295548,3.724085
883874c81bfffff,36.303628,3.720883
883874c835fffff,36.269134,3.696671
883874c837fffff,36.267658,3.706725
883874c841fffff,36.310994,3.670594
883874c845fffff,36.304389,3.663744
883874c847fffff,36.302918,3.6738
883874c84dfffff,36.312464,3.660538
883874c865fffff,36.283103,3.653255
883874c869fffff,36.297784,3.656896
883874c86bfffff,36.296313,3.66695
883874c883fffff,36.281553,3.767523
883874c887fffff,36.27495,3.760663
883874c895fffff,36.280071,3.777583
883874c8b1fffff,36.265385,3.77392
883874c8b9fffff,36.273469,3.770722
883874c8bbfffff,36.271987,3.780781
883874c8bdfffff,36.266867,3.763862
883874c8c1fffff,36.300675,3.741002
883874c8c5fffff,36.294072,3.734144
883874c8c9fffff,36.308755,3.737801
883874c8cdfffff,36.302152,3.730942
883874c951fffff,36.268421,3.649615
883874c959fffff,36.276497,3.646409
883874c95bfffff,36.275026,3.656461
883874c95dfffff,36.269891,3.639565
883874c9c1fffff,36.25445,3.693024
883874c9c3fffff,36.252974,3.703076
883874c9c9fffff,36.262529,3.689821
883874c9cbfffff,36.261054,3.699873
883874c9ddfffff,36.259578,3.709927
883874ca05fffff,36.343292,3.657767
883874ca21fffff,36.328613,3.654124
883874ca29fffff,36.336686,3.650916
883874ca2bfffff,36.335218,3.660974
883874ca2dfffff,36.330081,3.644067
883874ca31fffff,36.332279,3.681092
883874ca33fffff,36.330808,3.691152
883874ca35fffff,36.325674,3.674239
883874ca37fffff,36.324203,3.684298
883874ca39fffff,36.340354,3.677886
883874ca3bfffff,36.338883,3.687946
883874ca3dfffff,36.333749,3.671033
883874ca63fffff,36.344759,3.647708
883874ca67fffff,36.338154,3.640859
883874ca85fffff,36.332992,3.728193
883874ca8dfffff,36.34107,3.72499
883874caa1fffff,36.31831,3.724537
883874caa7fffff,36.310231,3.72774
883874caa9fffff,36.326389,3.721334
883874caabfffff,36.324914,3.731396
883874caadfffff,36.319785,3.714477
883874cae1fffff,36.33594,3.708069
883874cae3fffff,36.334466,3.718131
883874cae7fffff,36.327863,3.711273
883874caebfffff,36.342544,3.714926
883874cb13fffff,36.305859,3.653689
883874cb33fffff,36.284573,3.643203
883874cb37fffff,36.277967,3.636359
883874cc31fffff,36.30118,3.892461
883874cc33fffff,36.299688,3.902533
883874cc35fffff,36.294581,3.885583
883874cc37fffff,36.29309,3.895653
883874cc41fffff,36.336509,3.859542
883874cc43fffff,36.335022,3.869615
883874cc49fffff,36.344595,3.856347
883874cc4bfffff,36.343108,3.86642
883874cc5dfffff,36.341621,3.876494
883874cd07fffff,36.264562,3.831088
883874cd0dfffff,36.274136,3.81783
883874cd23fffff,36.249874,3.827415
883874cd2bfffff,36.257962,3.824221
883874cd31fffff,36.254985,3.844345
883874cd33fffff,36.253496,3.854408
883874cd35fffff,36.248385,3.837476
883874cd37fffff,36.246896,3.847538
883874cd39fffff,36.263074,3.841151
883874cd3bfffff,36.261585,3.851214
883874cd3dfffff,36.256474,3.834282
883874cd45fffff,36.283707,3.804571
883874cd47fffff,36.282222,3.814634
883874cd61fffff,36.26902,3.800902
883874cd63fffff,36.267535,3.810964
883874cd69fffff,36.277105,3.797705
883874cd6bfffff,36.275621,3.807767
883874cda1fffff,36.240929,3.88779
883874cda3fffff,36.239435,3.897855
883874cda7fffff,36.232836,3.89098
883874cdabfffff,36.247527,3.894664
883874cdb5fffff,36.237939,3.907919
883874cdbdfffff,36.246033,3.90473
883874cdcbfffff,36.286491,3.888776
883874cdd9fffff,36.291597,3.905724
883874cdddfffff,36.284999,3.898845
883874cde5fffff,36.252005,3.864471
883874cdedfffff,36.260095,3.861278
883874ce35fffff,36.351194,3.863224
883874ce37fffff,36.349708,3.873299
883874ce4bfffff,36.399698,3.844041
883874ce4dfffff,36.394579,3.827086
883874ce59fffff,36.404815,3.861001
883874ce5dfffff,36.398215,3.85412
883874ce61fffff,36.371814,3.826607
883874ce65fffff,36.365214,3.819733
883874ce67fffff,36.363732,3.829806
883874ce6dfffff,36.373296,3.816534
883874ced1fffff,36.38632,3.934768
883874ced3fffff,36.384828,3.944851
883874ced5fffff,36.379722,3.927878
883874ced7fffff,36.378231,3.93796
883874ced9fffff,36.394408,3.931575
883874cedbfffff,36.392917,3.941659
883874ceddfffff,36.38781,3.924685
883874cf09fffff,36.337328,3.802316
883874cf41fffff,36.34689,3.789048
883874cf43fffff,36.34541,3.799117
883874cf47fffff,36.338809,3.792248
883874cf4bfffff,36.353492,3.795918
883874cf55fffff,36.343929,3.809187
883874cf59fffff,36.358613,3.81286
883874cf5bfffff,36.357131,3.822931
883874cf5dfffff,36.352012,3.805988
883874d001fffff,36.565559,3.645185
883874d003fffff,36.564103,3.655268
883874d009fffff,36.573621,3.641969
883874d00bfffff,36.572165,3.652052
883874d013fffff,36.567793,3.682304
883874d01bfffff,36.575856,3.67909
883874d01dfffff,36.570709,3.662135
883874d041fffff,36.583136,3.628669
883874d043fffff,36.581682,3.638752
883874d045fffff,36.576529,3.621804
883874d047fffff,36.575075,3.631886
883874d049fffff,36.591196,3.625451
883874d04bfffff,36.589742,3.635534
883874d04dfffff,36.584589,3.618586
883874d055fffff,36.580227,3.648836
883874d057fffff,36.578771,3.65892
883874d083fffff,36.553881,3.72586
883874d08dfffff,36.556807,3.705688
883874d091fffff,36.559021,3.742825
883874d093fffff,36.557555,3.752914
883874d095fffff,36.552417,3.735947
883874d097fffff,36.550952,3.746035
883874d099fffff,36.567089,3.739615
883874d09bfffff,36.565624,3.749704
883874d09dfffff,36.560485,3.732737
883874d0b9fffff,36.545814,3.729071
883874d0bbfffff,36.544349,3.739157
883874d0c1fffff,36.572938,3.699263
883874d0c5fffff,36.566333,3.69239
883874d0c7fffff,36.564872,3.702476
883874d0c9fffff,36.581002,3.696049
883874d0cdfffff,36.574398,3.689176
883874d0e1fffff,36.551663,3.688732
883874d0e3fffff,36.550202,3.698816
883874d0e9fffff,36.559728,3.685518
883874d0ebfffff,36.558268,3.695603
883874d2a7fffff,36.582461,3.685962
883874d341fffff,36.593286,3.558102
883874d345fffff,36.586677,3.551246
883874d349fffff,36.601341,3.554879
883874d34dfffff,36.594732,3.548023
883874d569fffff,36.549486,3.756123
883874d56dfffff,36.542883,3.749244
883874d81bfffff,36.426916,3.605537
883874d821fffff,36.395336,3.561243
883874d823fffff,36.393879,3.571301
883874d827fffff,36.387271,3.564458
883874d82bfffff,36.401944,3.568086
883874d835fffff,36.392421,3.58136
883874d83dfffff,36.400487,3.578145
883874d851fffff,36.437897,3.582194
883874d859fffff,36.445961,3.578978
883874d85bfffff,36.444505,3.589043
883874d85dfffff,36.439353,3.57213
883874d8a1fffff,36.385115,3.631661
883874d8a5fffff,36.378509,3.62481
883874d8a7fffff,36.377045,3.634871
883874d8adfffff,36.386578,3.621599
883874d8c1fffff,36.423996,3.625666
883874d8c9fffff,36.432064,3.622454
883874d8cbfffff,36.430603,3.63252
883874d8cdfffff,36.425457,3.615601
883874d8d1fffff,36.427678,3.652654
883874d8d9fffff,36.435747,3.649443
883874d8dbfffff,36.434284,3.659512
883874d8ddfffff,36.429141,3.642587
883874d999fffff,36.371903,3.617962
883874d99bfffff,36.370439,3.628021
883874d9c9fffff,36.385813,3.574515
883874d9d3fffff,36.379972,3.61475
883874da09fffff,36.481115,3.545978
883874da0dfffff,36.474506,3.539132
883874da33fffff,36.454024,3.575762
883874da37fffff,36.447416,3.568914
883874da41fffff,36.490624,3.532692
883874da43fffff,36.489174,3.542758
883874da45fffff,36.484015,3.525847
883874da47fffff,36.482565,3.535912
883874da4dfffff,36.492073,3.522627
883874da6bfffff,36.475956,3.529067
883874daa1fffff,36.441589,3.609174
883874daa3fffff,36.44013,3.619241
883874daa5fffff,36.434982,3.602323
883874daa7fffff,36.433523,3.612388
883874dab3fffff,36.443815,3.646231
883874dab5fffff,36.43867,3.629307
883874dab7fffff,36.437209,3.639375
883874dae5fffff,36.452569,3.585827
8838751a09fffff,36.578493,5.377179
8838751a0bfffff,36.57688,5.387379
8838751a41fffff,36.58827,5.363868
8838751a43fffff,36.586658,5.374069
8838751a45fffff,36.581717,5.356781
8838751a47fffff,36.580106,5.36698
8838751a4dfffff,36.58988,5.353669
8838751a51fffff,36.591597,5.391361
8838751a55fffff,36.585045,5.384269
8838751a57fffff,36.583432,5.39447
8838751a5dfffff,36.59321,5.381159
8838751a69fffff,36.575164,5.349694
8838751a6bfffff,36.573553,5.359892
8838751b61fffff,36.521123,5.303243
8838751b65fffff,36.514568,5.296168
8838751b69fffff,36.529286,5.300129
8838751b6dfffff,36.522731,5.293054
883875c001fffff,36.61511,5.0949
883875c003fffff,36.613524,5.105086
883875c007fffff,36.606963,5.098029
883875c00bfffff,36.621671,5.101957
883875c015fffff,36.611938,5.115273
883875c01dfffff,36.620085,5.112144
883875c039fffff,36.605377,5.108215
883875c041fffff,36.632986,5.078453
883875c049fffff,36.641131,5.075322
883875c04bfffff,36.639548,5.08551
883875c04dfffff,36.634568,5.068267
883875c095fffff,36.600802,5.186592
883875c097fffff,36.599207,5.196782
883875c0b1fffff,36.58609,5.182649
883875c0b3fffff,36.584495,5.192837
883875c0b7fffff,36.577937,5.185772
883875c0b9fffff,36.594243,5.179526
883875c0bbfffff,36.592649,5.189715
883875c0c1fffff,36.621881,5.149772
883875c0c3fffff,36.62029,5.159963
883875c0c5fffff,36.615321,5.142709
883875c0c7fffff,36.613731,5.152898
883875c0c9fffff,36.63003,5.146646
883875c0cbfffff,36.62844,5.156837
883875c0cdfffff,36.62347,5.139582
883875c125fffff,36.541337,5.027537
883875c12dfffff,36.549483,5.024405
883875c223fffff,36.649275,5.07219
883875c227fffff,36.642712,5.065135
883875c235fffff,36.647693,5.082379
883875c483fffff,36.625864,5.368713
883875c487fffff,36.619311,5.361621
883875c495fffff,36.624253,5.378917
883875c4b1fffff,36.609538,5.374937
883875c4b9fffff,36.617701,5.371825
883875c4bbfffff,36.61609,5.382029
883875c4bdfffff,36.611149,5.364734
883875c509fffff,36.600974,5.234429
883875c50bfffff,36.599375,5.244622
883875c537fffff,36.566745,5.257096
883875c543fffff,36.609129,5.231308
883875c551fffff,36.614087,5.248578
883875c555fffff,36.607531,5.241502
883875c557fffff,36.605931,5.251697
883875c55dfffff,36.615686,5.238382
883875c565fffff,36.582899,5.203026
883875c56dfffff,36.591053,5.199905
883875c581fffff,36.581598,5.308908
883875c583fffff,36.579991,5.319104
883875c585fffff,36.575043,5.301827
883875c587fffff,36.573436,5.312022
883875c593fffff,36.583327,5.346582
883875c5abfffff,36.566882,5.304942
883875c5b9fffff,36.571829,5.322218
883875c5bdfffff,36.565275,5.315136
883875c5d1fffff,36.602867,5.319958
883875c5d3fffff,36.60126,5.330157
883875c5d5fffff,36.596313,5.312874
883875c5d7fffff,36.594706,5.323072
883875c5d9fffff,36.611027,5.316843
883875c5dbfffff,36.609421,5.327042
883875c5ddfffff,36.604473,5.309759
883875ca19fffff,36.534773,5.020495
883875ca51fffff,36.5445,5.007191
883875ca53fffff,36.542919,5.017363
883875ca57fffff,36.536355,5.010323
883875ca5bfffff,36.551065,5.014231
883875cc4bfffff,36.514288,5.200554
883875cc59fffff,36.519245,5.2178
883875cc5dfffff,36.512687,5.210736
883875cd85fffff,36.426124,5.224666
883875cd87fffff,36.424517,5.234839
883875cda1fffff,36.411402,5.220723
883875cda3fffff,36.409795,5.230895
883875cda9fffff,36.419566,5.217608
883875cdabfffff,36.41796,5.22778
883875cdbdfffff,36.416353,5.237953
883875ce15fffff,36.543718,5.208443
883875ce17fffff,36.542119,5.218628
883875ce31fffff,36.529003,5.204498
883875ce33fffff,36.527403,5.214682
883875ce35fffff,36.522445,5.197435
883875ce37fffff,36.520846,5.207617
883875ce39fffff,36.53716,5.201378
883875ce3bfffff,36.535561,5.211562
883875ce59fffff,36.576341,5.195959
883875ce97fffff,36.530894,5.28994
883875ceb3fffff,36.516176,5.28598
883875cebbfffff,36.524338,5.282866
883875cec3fffff,36.55203,5.253141
883875cecbfffff,36.560189,5.250024
883875ced1fffff,36.556982,5.270404
883875ced5fffff,36.550427,5.26333
883875ced9fffff,36.565142,5.267287
883875ceddfffff,36.558586,5.260214
883875ceedfffff,36.533961,5.221747
883875d023fffff,36.71728,4.978916
883875d031fffff,36.722274,4.996157
883875d035fffff,36.715709,4.989106
883875d037fffff,36.714138,4.999296
883875d03dfffff,36.723845,4.985966
883875d051fffff,36.761377,4.99065
883875d053fffff,36.759808,5.000845
883875d059fffff,36.769511,4.987509
883875d05bfffff,36.767942,4.997705
883875d181fffff,36.683162,5.00166
883875d183fffff,36.681588,5.011847
883875d185fffff,36.676598,4.994611
883875d189fffff,36.6913,4.998522
883875d18bfffff,36.689727,5.00871
883875d18dfffff,36.684735,4.991473
883875d19dfffff,36.688152,5.018899
883875d1c7fffff,36.692872,4.988334
883875d1c9fffff,36.709145,4.982056
883875d1cbfffff,36.707574,4.992245
883875d1d5fffff,36.697864,5.005572
883875d1d7fffff,36.696291,5.015762
883875d1e3fffff,36.67817,4.984425
883875d1ebfffff,36.686307,4.981286
883875d2adfffff,36.766372,5.007902
883875d2e5fffff,36.776075,4.994564
883875d2e7fffff,36.774506,5.004761
883875d345fffff,36.762319,4.884829
883875d361fffff,36.747623,4.880936
883875d369fffff,36.755751,4.877788
883875d36bfffff,36.754192,4.887976
883875d36dfffff,36.749182,4.87075
883875d8e1fffff,36.576813,4.946924
883875d8e3fffff,36.575239,4.957097
883875d8e5fffff,36.570247,4.93989
883875d8e7fffff,36.568673,4.950061
883875d8e9fffff,36.584953,4.943787
883875d8ebfffff,36.583379,4.95396
883875d8edfffff,36.578386,4.936752
883875d911fffff,36.54869,4.881271
883875d913fffff,36.54712,4.891436
883875d915fffff,36.542121,4.874248
883875d917fffff,36.540552,4.884412
883875d919fffff,36.556827,4.878131
883875d91bfffff,36.555258,4.888296
883875d91dfffff,36.550258,4.871107
883875da81fffff,36.637205,4.952345
883875da83fffff,36.635633,4.962525
883875da87fffff,36.629067,4.955484
883875da8bfffff,36.643771,4.959386
883875da95fffff,36.634061,4.972704
883875da9dfffff,36.642199,4.969567
883875dab9fffff,36.627495,4.965663
883875db0bfffff,36.608764,4.838938
883875db19fffff,36.613771,4.856132
883875db1dfffff,36.607201,4.849107
883875db51fffff,36.623465,4.842817
883875db53fffff,36.621903,4.852988
883875db55fffff,36.616896,4.835793
883875db57fffff,36.615334,4.845962
88395a6937fffff,36.616608,3.501262
88395a69a7fffff,36.602786,3.5448
